{"cameraMode":{"drawMode":0,"name":"Shaded","section":"Shading Mode"},"sceneLighting":false,"audioPlay":false,"sceneViewState":{"m_AlwaysRefresh":false,"showFog":true,"showSkybox":false,"showFlares":true,"showImageEffects":true,"showParticleSystems":true,"showVisualEffectGraphs":true,"m_FxEnabled":true},"in2DMode":false,"pivot":{"x":0.06810609251260758,"y":0.88810795545578,"z":-1.618216633796692},"rotation":{"x":-0.00032218449632637203,"y":0.9986416101455689,"z":-0.05399139225482941,"w":-0.007212058175355196},"size":2.000391960144043,"orthographic":false}