{"cameraMode":{"drawMode":0,"name":"Shaded","section":"Shading Mode"},"sceneLighting":false,"audioPlay":false,"sceneViewState":{"m_AlwaysRefresh":false,"showFog":true,"showSkybox":false,"showFlares":true,"showImageEffects":true,"showParticleSystems":true,"showVisualEffectGraphs":true,"m_FxEnabled":true},"in2DMode":false,"pivot":{"x":0.08366677165031433,"y":0.8307362198829651,"z":-0.15697915852069856},"rotation":{"x":0.15889671444892884,"y":0.7123918533325195,"z":-0.1709185689687729,"w":0.6620299220085144},"size":1.4003920555114747,"orthographic":false}