{"cameraMode":{"drawMode":0,"name":"Shaded","section":"Shading Mode"},"sceneLighting":false,"audioPlay":false,"sceneViewState":{"m_AlwaysRefresh":false,"showFog":true,"showSkybox":false,"showFlares":true,"showImageEffects":true,"showParticleSystems":true,"showVisualEffectGraphs":true,"m_FxEnabled":true},"in2DMode":false,"pivot":{"x":-0.10833410918712616,"y":0.7609462738037109,"z":-0.5986385345458984},"rotation":{"x":-0.00262862048111856,"y":0.996190071105957,"z":-0.08238668739795685,"w":-0.032610684633255008},"size":2.000391960144043,"orthographic":false}