{"cameraMode":{"drawMode":0,"name":"Shaded","section":"Shading Mode"},"sceneLighting":true,"audioPlay":false,"sceneViewState":{"m_AlwaysRefresh":false,"showFog":true,"showSkybox":true,"showFlares":true,"showImageEffects":true,"showParticleSystems":true,"showVisualEffectGraphs":true,"m_FxEnabled":true},"in2DMode":false,"pivot":{"x":24.44549560546875,"y":1.1196496486663819,"z":-4.0343217849731449},"rotation":{"x":-0.12699483335018159,"y":-0.3036571145057678,"z":0.04087671637535095,"w":-0.9433999061584473},"size":1.7320507764816285,"orthographic":false}