{"cameraMode":{"drawMode":0,"name":"Shaded","section":"Shading Mode"},"sceneLighting":true,"audioPlay":false,"sceneViewState":{"m_AlwaysRefresh":false,"showFog":true,"showSkybox":true,"showFlares":true,"showImageEffects":true,"showParticleSystems":true,"showVisualEffectGraphs":true,"m_FxEnabled":true},"in2DMode":false,"pivot":{"x":2.446500301361084,"y":0.5140650868415833,"z":1.647452712059021},"rotation":{"x":-0.11845743656158447,"y":0.034843116998672488,"z":-0.004158913157880306,"w":-0.9923410415649414},"size":3.981689691543579,"orthographic":false}