{"cameraMode":{"drawMode":0,"name":"Shaded","section":"Shading Mode"},"sceneLighting":true,"audioPlay":false,"sceneViewState":{"m_AlwaysRefresh":false,"showFog":true,"showSkybox":true,"showFlares":true,"showImageEffects":true,"showParticleSystems":true,"showVisualEffectGraphs":true,"m_FxEnabled":true},"in2DMode":false,"pivot":{"x":0.3962741494178772,"y":0.06087939441204071,"z":-0.17749905586242677},"rotation":{"x":-0.07245868444442749,"y":-0.18531109392642976,"z":0.013702629134058953,"w":-0.9799134135246277},"size":5.407395362854004,"orthographic":false}