{"cameraMode":{"drawMode":0,"name":"Shaded","section":"Shading Mode"},"sceneLighting":false,"audioPlay":false,"sceneViewState":{"m_AlwaysRefresh":false,"showFog":true,"showSkybox":false,"showFlares":true,"showImageEffects":true,"showParticleSystems":true,"showVisualEffectGraphs":true,"m_FxEnabled":true},"in2DMode":false,"pivot":{"x":-7.379696846008301,"y":0.23202288150787354,"z":-11.443527221679688},"rotation":{"x":0.08008860051631928,"y":-0.6872754693031311,"z":0.07656238228082657,"w":0.7180594801902771},"size":0.686542272567749,"orthographic":false}