{"cameraMode":{"drawMode":0,"name":"Shaded","section":"Shading Mode"},"sceneLighting":false,"audioPlay":false,"sceneViewState":{"m_AlwaysRefresh":false,"showFog":true,"showSkybox":false,"showFlares":true,"showImageEffects":true,"showParticleSystems":true,"showVisualEffectGraphs":true,"m_FxEnabled":true},"in2DMode":false,"pivot":{"x":-2.6517441272735597,"y":-0.5054384469985962,"z":-0.32455557584762576},"rotation":{"x":-0.08281240612268448,"y":0.7528057098388672,"z":-0.0965275689959526,"w":-0.6460362672805786},"size":2.0545132160186769,"orthographic":false}