{"cameraMode":{"drawMode":0,"name":"Shaded","section":"Shading Mode"},"sceneLighting":false,"audioPlay":false,"sceneViewState":{"m_AlwaysRefresh":false,"showFog":true,"showSkybox":false,"showFlares":true,"showImageEffects":true,"showParticleSystems":true,"showVisualEffectGraphs":true,"m_FxEnabled":true},"in2DMode":false,"pivot":{"x":-0.8225199580192566,"y":-0.09352076053619385,"z":-1.371453046798706},"rotation":{"x":-0.03261682018637657,"y":0.9661016464233398,"z":-0.15345296263694764,"w":-0.20563861727714539},"size":2.0545132160186769,"orthographic":false}