{"cameraMode":{"drawMode":0,"name":"Shaded","section":"Shading Mode"},"sceneLighting":false,"audioPlay":false,"sceneViewState":{"m_AlwaysRefresh":false,"showFog":true,"showSkybox":false,"showFlares":true,"showImageEffects":true,"showParticleSystems":true,"showVisualEffectGraphs":true,"m_FxEnabled":true},"in2DMode":false,"pivot":{"x":0.03224211931228638,"y":0.7286233305931091,"z":-1.99027681350708},"rotation":{"x":0.006240335293114185,"y":-0.8889650106430054,"z":0.011986526660621167,"w":0.45807352662086489},"size":0.5171619653701782,"orthographic":false}