{"cameraMode":{"drawMode":0,"name":"Shaded","section":"Shading Mode"},"sceneLighting":false,"audioPlay":false,"sceneViewState":{"m_AlwaysRefresh":false,"showFog":true,"showSkybox":false,"showFlares":true,"showImageEffects":true,"showParticleSystems":true,"showVisualEffectGraphs":true,"m_FxEnabled":true},"in2DMode":false,"pivot":{"x":-6.408944129943848,"y":0.21875572204589845,"z":-11.621517181396485},"rotation":{"x":0.22641830146312715,"y":-0.7698803544044495,"z":0.3761926293373108,"w":0.4633878171443939},"size":0.3077773451805115,"orthographic":false}